url,label,A1,A2,A3,A4,A5,A6,A7,A8,A10,A11,A12,A14,A13,A15,A9,A16,A17,A25,A23,A18,A19,A20,A21,A22,A24
https://123rf.com,0,17,0,0,1,0,0,0,1,0,1,4,60,0,0,-1,-1,0,1,0.0,-1,-1,-1,-1,-1,-1
https://20minutos.es,0,20,0,0,1,0,0,0,1,0,1,4,60,0,0,-1,-1,1,1,0.0050933786078098,-1,-1,-1,-1,-1,-1
https://3ds.com,0,15,0,0,1,0,0,0,1,0,1,4,60,0,0,-1,-1,0,1,0.0,-1,-1,-1,-1,-1,-1
https://4shared.com,0,19,0,0,1,0,0,0,1,0,1,4,3600,0,0,-1,-1,0,1,0.0408163265306122,-1,-1,-1,-1,-1,-1
https://abc.es,0,14,0,0,1,0,0,0,1,0,1,4,300,0,0,-1,-1,0,1,0.0111731843575419,-1,-1,-1,-1,-1,-1
https://abc.net.au,0,18,0,0,2,0,0,0,1,0,1,1,20,0,0,-1,-1,1,1,0.0168067226890756,-1,-1,-1,-1,-1,-1
https://abcnews.go.com,0,22,0,0,2,0,0,0,1,0,1,4,60,0,0,-1,-1,0,1,0.0069444444444444,-1,-1,-1,-1,-1,-1
https://about.com,0,17,0,0,1,0,0,0,1,0,1,2,300,2,300,-1,-1,0,1,0.0,-1,-1,-1,-1,-1,-1
https://aboutads.info,0,21,0,0,1,0,0,0,1,0,1,3,300,3,300,-1,-1,0,1,0.1935483870967742,-1,-1,-1,-1,-1,-1
https://abril.com.br,0,20,0,0,2,0,0,0,1,0,1,1,111,0,0,-1,-1,0,1,0.0,-1,-1,-1,-1,-1,-1
https://academia.edu,0,20,0,0,1,0,0,0,1,0,1,4,60,0,0,-1,-1,1,1,0.0033222591362126,-1,-1,-1,-1,-1,-1
https://accounts.google.com,0,27,0,0,2,0,0,0,1,0,1,1,163,1,270,-1,-1,0,1,0.0,-1,-1,-1,-1,-1,-1
https://addtoany.com,0,20,0,0,1,0,0,0,1,0,1,2,300,2,300,-1,-1,0,1,0.0,-1,-1,-1,-1,-1,-1
https://adobe.com,0,17,0,0,1,0,0,0,1,0,1,2,20,2,20,-1,-1,0,1,0.0,-1,-1,-1,-1,-1,-1
https://ads.google.com,0,22,0,0,2,0,0,0,1,0,1,1,267,1,107,-1,-1,0,1,0.0635838150289017,-1,-1,-1,-1,-1,-1
https://adssettings.google.com,0,30,0,0,2,0,0,0,1,0,1,1,113,1,230,-1,-1,0,1,0.0,-1,-1,-1,-1,-1,-1
https://afternic.com,0,20,0,0,1,0,0,0,1,0,1,1,3600,0,0,-1,-1,0,1,0.0256410256410256,-1,-1,-1,-1,-1,-1
https://airbnb.com,0,18,0,0,1,0,0,0,1,0,1,2,300,0,0,-1,-1,0,1,0.3846153846153846,-1,-1,-1,-1,-1,-1
https://amazon.ca,0,17,0,0,1,0,0,0,1,0,1,3,60,0,0,-1,-1,0,1,0.0,-1,-1,-1,-1,-1,-1
https://amazon.co.jp,0,20,0,0,2,0,0,0,1,0,1,3,900,0,0,-1,-1,0,1,0.0,-1,-1,-1,-1,-1,-1
https://amazon.co.uk,0,20,0,0,2,0,0,0,1,0,1,3,29,0,0,-1,-1,0,1,0.0,-1,-1,-1,-1,-1,-1
https://amazon.com,0,18,0,0,1,0,0,0,1,0,1,3,307,0,0,-1,-1,0,1,0.0,-1,-1,-1,-1,-1,-1
https://amazon.de,0,17,0,0,1,0,0,0,1,0,1,3,429,0,0,-1,-1,0,1,0.0,-1,-1,-1,-1,-1,-1
https://amazon.es,0,17,0,0,1,0,0,0,1,0,1,3,60,0,0,-1,-1,0,1,0.0,-1,-1,-1,-1,-1,-1
https://amazon.fr,0,17,0,0,1,0,0,0,1,0,1,3,60,0,0,-1,-1,0,1,0.0,-1,-1,-1,-1,-1,-1
https://amazon.it,0,17,0,0,1,0,0,0,1,0,1,3,60,0,0,-1,-1,0,1,0.0,-1,-1,-1,-1,-1,-1
https://amzn.to,0,15,0,0,1,0,0,0,1,0,1,2,433,0,0,-1,-1,0,1,0.0,-1,-1,-1,-1,-1,-1
https://android.com,0,19,0,0,1,0,0,0,1,0,1,1,297,1,300,-1,-1,1,1,0.0120481927710843,-1,-1,-1,-1,-1,-1
https://answers.com,0,19,0,0,1,0,0,0,1,0,1,4,3600,0,0,-1,-1,1,1,0.1339712918660287,-1,-1,-1,-1,-1,-1
https://aol.com,0,15,0,0,1,0,0,0,1,0,1,2,1007,0,0,-1,-1,0,1,0.0021008403361344,-1,-1,-1,-1,-1,-1
https://apache.org,0,18,0,0,1,0,0,0,1,0,1,1,1800,1,1800,-1,-1,0,1,0.2093023255813953,-1,-1,-1,-1,-1,-1
https://apple.com,0,17,0,0,1,0,0,0,1,0,1,1,352,1,99,-1,-1,0,1,0.0,-1,-1,-1,-1,-1,-1
https://aruba.it,0,16,0,0,1,0,0,0,1,0,1,1,600,0,0,-1,-1,1,1,0.056547619047619,-1,-1,-1,-1,-1,-1
https://arxiv.org,0,17,0,0,1,0,0,0,1,0,1,4,300,0,0,-1,-1,0,1,0.003831417624521,-1,-1,-1,-1,-1,-1
https://as.com,0,14,0,0,1,0,0,0,1,0,1,2,20,2,20,-1,-1,0,1,0.0,-1,-1,-1,-1,-1,-1
https://asahi.com,0,17,0,0,1,0,0,0,1,0,1,1,20,0,0,-1,-1,1,1,0.0025706940874035,-1,-1,-1,-1,-1,-1
https://asus.com,0,16,0,0,1,0,0,0,1,0,1,1,86400,0,0,-1,-1,1,1,0.0,-1,-1,-1,-1,-1,-1
https://automattic.com,0,22,0,0,1,0,0,0,1,0,1,2,300,0,0,-1,-1,0,1,0.0172413793103448,-1,-1,-1,-1,-1,-1
https://bandcamp.com,0,20,0,0,1,0,0,0,1,0,1,4,22730,0,0,-1,-1,0,1,0.0095238095238095,-1,-1,-1,-1,-1,-1
https://barnesandnoble.com,0,26,0,0,1,0,0,0,1,0,1,1,15,0,0,-1,-1,0,1,0.2084690553745928,-1,-1,-1,-1,-1,-1
https://bbc.co.uk,0,17,0,0,2,0,0,0,1,0,1,4,300,4,300,-1,-1,0,1,0.0212765957446808,-1,-1,-1,-1,-1,-1
https://bbc.com,0,15,0,0,1,0,0,0,1,0,1,4,300,4,300,-1,-1,0,1,0.0042553191489361,-1,-1,-1,-1,-1,-1
https://bfmtv.com,0,17,0,0,1,0,0,0,1,0,1,3,60,0,0,-1,-1,0,1,0.0,-1,-1,-1,-1,-1,-1
https://bild.de,0,15,0,0,1,0,0,0,1,0,1,2,600,0,0,-1,-1,0,1,0.0040983606557377,-1,-1,-1,-1,-1,-1
https://bing.com,0,16,0,0,1,0,0,0,1,0,1,2,2448,2,2368,-1,-1,0,1,0.0,-1,-1,-1,-1,-1,-1
https://blackberry.com,0,22,0,0,1,0,0,0,1,0,1,1,30,0,0,-1,-1,1,1,0.0144927536231884,-1,-1,-1,-1,-1,-1
https://bloglovin.com,0,21,0,0,1,0,0,0,1,0,1,3,300,3,300,-1,-1,0,1,0.0,-1,-1,-1,-1,-1,-1
https://bloomberg.com,0,21,0,0,1,0,0,0,1,0,1,2,14250,0,0,-1,-1,0,1,0.0,-1,-1,-1,-1,-1,-1
https://booking.com,0,19,0,0,1,0,0,0,1,0,1,4,60,0,0,-1,-1,1,1,0.0178571428571428,-1,-1,-1,-1,-1,-1
https://books.google.com,0,24,0,0,2,0,0,0,1,0,1,1,73,1,101,-1,-1,0,1,0.0,-1,-1,-1,-1,-1,-1
https://bp0.blogger.com,0,23,0,0,2,0,0,0,1,0,1,1,300,1,300,-1,-1,0,1,0.0,-1,-1,-1,-1,-1,-1
https://bp1.blogger.com,0,23,0,0,2,0,0,0,1,0,1,1,297,1,297,-1,-1,0,1,0.0,-1,-1,-1,-1,-1,-1
https://bp2.blogger.com,0,23,0,0,2,0,0,0,1,0,1,1,294,1,294,-1,-1,0,1,0.0,-1,-1,-1,-1,-1,-1
https://britannica.com,0,22,0,0,1,0,0,0,1,0,1,2,60,0,0,-1,-1,1,1,0.0038461538461538,-1,-1,-1,-1,-1,-1
https://business.google.com,0,27,0,0,2,0,0,0,1,0,1,1,256,1,248,-1,-1,0,1,0.0232558139534883,-1,-1,-1,-1,-1,-1
https://businessinsider.com,0,27,0,0,1,0,0,0,1,0,1,4,7268,0,0,-1,-1,1,1,0.0318181818181818,-1,-1,-1,-1,-1,-1
https://calameo.com,0,19,0,0,1,0,0,0,1,0,1,1,300,0,0,-1,-1,1,1,0.0714285714285714,-1,-1,-1,-1,-1,-1
https://canada.ca,0,17,0,0,1,0,0,0,1,0,1,4,300,0,0,-1,-1,0,1,0.0,-1,-1,-1,-1,-1,-1
https://canva.com,0,17,0,0,1,0,0,0,1,0,1,2,300,2,300,-1,-1,0,1,0.0,-1,-1,-1,-1,-1,-1
https://cbc.ca,0,14,0,0,1,0,0,0,1,0,1,1,20,0,0,-1,-1,0,1,0.0392156862745098,-1,-1,-1,-1,-1,-1
https://cbslocal.com,0,20,0,0,1,0,0,0,1,0,1,4,300,0,0,-1,-1,0,1,0.0344827586206896,-1,-1,-1,-1,-1,-1
https://cbsnews.com,0,19,0,0,1,0,0,0,1,0,1,4,60,0,0,-1,-1,1,1,0.023972602739726,-1,-1,-1,-1,-1,-1
https://cdc.gov,0,15,0,0,1,0,0,0,1,0,1,2,20,2,20,-1,-1,0,1,0.0617760617760617,-1,-1,-1,-1,-1,-1
https://change.org,0,18,0,0,1,0,0,0,1,0,1,2,300,0,0,-1,-1,0,1,0.0,-1,-1,-1,-1,-1,-1
https://chaturbate.com,0,22,0,0,1,0,0,0,1,0,1,2,73,2,118,-1,-1,0,1,0.0259740259740259,-1,-1,-1,-1,-1,-1
https://clarin.com,0,18,0,0,1,0,0,0,1,0,1,2,300,2,300,-1,-1,1,1,0.0,-1,-1,-1,-1,-1,-1
https://cloudflare.com,0,22,0,0,1,0,0,0,1,0,1,2,82,2,243,-1,-1,0,1,0.0,-1,-1,-1,-1,-1,-1
https://cnbc.com,0,16,0,0,1,0,0,0,1,0,1,3,12,0,0,-1,-1,0,1,0.0075,-1,-1,-1,-1,-1,-1
https://cnet.com,0,16,0,0,1,0,0,0,1,0,1,2,300,0,0,-1,-1,0,1,0.0040595399188092,-1,-1,-1,-1,-1,-1
https://cnil.fr,0,15,0,0,1,0,0,0,1,0,1,2,300,2,300,-1,-1,0,1,0.0065359477124183,-1,-1,-1,-1,-1,-1
https://cnn.com,0,15,0,0,1,0,0,0,1,0,1,4,60,8,300,-1,-1,1,1,0.01890756302521,-1,-1,-1,-1,-1,-1
https://code.google.com,0,23,0,0,2,0,0,0,1,0,1,1,300,1,300,-1,-1,0,1,0.0,-1,-1,-1,-1,-1,-1
https://cornell.edu,0,19,0,0,1,0,0,0,1,0,1,6,86400,0,0,-1,-1,1,1,0.0326797385620915,-1,-1,-1,-1,-1,-1
https://correios.com.br,0,23,0,0,2,0,0,0,1,0,1,1,30,0,0,-1,-1,1,1,0.0375586854460093,-1,-1,-1,-1,-1,-1
https://corriere.it,0,19,0,0,1,0,0,0,1,0,1,1,300,0,0,-1,-1,0,1,0.0016380016380016,-1,-1,-1,-1,-1,-1
https://cpanel.com,0,18,0,0,1,0,0,0,1,0,1,2,300,2,300,-1,-1,0,1,0.0210526315789473,-1,-1,-1,-1,-1,-1
https://cpanel.net,0,18,0,0,1,0,0,0,1,0,1,2,296,0,0,-1,-1,0,1,0.0210526315789473,-1,-1,-1,-1,-1,-1
https://creativecommons.org,0,27,0,0,1,0,0,0,1,0,1,2,300,2,300,-1,-1,1,1,0.0144927536231884,-1,-1,-1,-1,-1,-1
https://cutt.ly,0,15,0,0,1,0,0,0,1,0,1,2,298,2,300,-1,-1,0,1,0.1048387096774193,-1,-1,-1,-1,-1,-1
https://dailymotion.com,0,23,0,0,1,0,0,0,1,0,1,1,30526,0,0,-1,-1,0,1,0.0053191489361702,-1,-1,-1,-1,-1,-1
https://dailystar.co.uk,0,23,0,0,2,0,0,0,1,0,1,2,60,0,0,-1,-1,0,1,0.003584229390681,-1,-1,-1,-1,-1,-1
https://de.wikipedia.org,0,24,0,0,2,0,0,0,1,0,1,1,91,1,83,-1,-1,0,1,0.091254752851711,-1,-1,-1,-1,-1,-1
https://deezer.com,0,18,0,0,1,0,0,0,1,0,1,4,7,0,0,-1,-1,1,1,0.0,-1,-1,-1,-1,-1,-1
https://detik.com,0,17,0,0,1,0,0,0,1,0,1,2,300,0,0,-1,-1,1,1,0.0128617363344051,-1,-1,-1,-1,-1,-1
https://developers.google.com,0,29,0,0,2,0,0,0,1,0,1,1,235,1,22,-1,-1,0,1,0.0113636363636363,-1,-1,-1,-1,-1,-1
https://discord.com,0,19,0,0,1,0,0,0,1,0,1,5,235,0,0,-1,-1,0,1,0.032520325203252,-1,-1,-1,-1,-1,-1
https://discord.gg,0,18,0,0,1,0,0,0,1,0,1,5,191,0,0,-1,-1,0,1,0.032520325203252,-1,-1,-1,-1,-1,-1
https://disqus.com,0,18,0,0,1,0,0,0,1,0,1,4,2612,0,0,-1,-1,1,0,0.0,-1,-1,-1,-1,-1,-1
https://docs.google.com,0,23,0,0,2,0,0,0,1,0,1,1,66,1,188,-1,-1,0,1,0.0,-1,-1,-1,-1,-1,-1
https://doi.org,0,15,0,0,1,0,0,0,1,0,1,3,235,3,46,-1,-1,0,1,0.0,-1,-1,-1,-1,-1,-1
https://domainmarket.com,0,24,0,0,1,0,0,0,1,0,1,2,300,2,300,-1,-1,0,1,0.0,-1,-1,-1,-1,-1,-1
https://doubleclick.net,0,23,0,0,1,0,0,0,1,0,1,1,217,1,147,-1,-1,1,1,0.0,-1,-1,-1,-1,-1,-1
https://dovendi.com,0,19,0,0,1,0,0,0,1,0,1,1,3600,1,3600,-1,-1,0,1,0.0,-1,-1,-1,-1,-1,-1
https://draft.blogger.com,0,25,0,0,2,0,0,0,1,0,1,1,230,1,30,-1,-1,0,1,0.125,-1,-1,-1,-1,-1,-1
https://dribbble.com,0,20,0,0,1,0,0,0,1,0,1,4,3600,8,3600,-1,-1,0,1,0.0263157894736842,-1,-1,-1,-1,-1,-1
https://drive.google.com,0,24,0,0,2,0,0,0,1,0,1,1,49,1,50,-1,-1,0,1,0.0,-1,-1,-1,-1,-1,-1
https://dropbox.com,0,19,0,0,1,0,0,0,1,0,1,1,60,1,60,-1,-1,0,1,0.0158730158730158,-1,-1,-1,-1,-1,-1
https://ea.com,0,14,0,0,1,0,0,0,1,0,1,1,20,2,20,-1,-1,0,1,0.0,-1,-1,-1,-1,-1,-1
https://ebay.co.uk,0,18,0,0,2,0,0,0,1,0,1,2,15,0,0,-1,-1,0,1,0.0119047619047619,-1,-1,-1,-1,-1,-1
https://ebay.com,0,16,0,0,1,0,0,0,1,0,1,2,4,0,0,-1,-1,1,1,0.0082304526748971,-1,-1,-1,-1,-1,-1
https://ehow.com,0,16,0,0,1,0,0,0,1,0,1,2,300,2,300,-1,-1,0,1,0.0,-1,-1,-1,-1,-1,-1
https://elpais.com,0,18,0,0,1,0,0,0,1,0,1,2,20,2,20,-1,-1,0,1,0.0022222222222222,-1,-1,-1,-1,-1,-1
https://en.wikipedia.org,0,24,0,0,2,0,0,0,1,0,1,1,80,1,21,-1,-1,0,1,0.015267175572519,-1,-1,-1,-1,-1,-1
https://enable-javascript.com,0,29,0,0,1,1,0,0,1,0,1,1,300,0,0,-1,-1,0,1,0.3191489361702128,-1,-1,-1,-1,-1,-1
https://engadget.com,0,20,0,0,1,0,0,0,1,0,1,2,300,0,0,-1,-1,0,1,0.0,-1,-1,-1,-1,-1,-1
https://es.wikipedia.org,0,24,0,0,2,0,0,0,1,0,1,1,43,1,169,-1,-1,0,1,0.0258397932816537,-1,-1,-1,-1,-1,-1
https://espn.com,0,16,0,0,1,0,0,0,1,0,1,4,60,8,60,-1,-1,0,1,0.0372340425531914,-1,-1,-1,-1,-1,-1
https://estadao.com.br,0,22,0,0,2,0,0,0,1,0,1,2,20,0,0,-1,-1,1,1,0.0,-1,-1,-1,-1,-1,-1
https://europa.eu,0,17,0,0,1,0,0,0,1,0,1,2,299,2,300,-1,-1,0,1,0.0357142857142857,-1,-1,-1,-1,-1,-1
https://eventbrite.com,0,22,0,0,1,0,0,0,1,0,1,4,60,0,0,-1,-1,0,1,0.0113636363636363,-1,-1,-1,-1,-1,-1
https://example.com,0,19,0,0,1,0,0,0,1,0,1,6,108,6,270,-1,-1,0,1,0.0,-1,-1,-1,-1,-1,-1
https://express.co.uk,0,21,0,0,2,0,0,0,1,0,1,4,60,8,60,-1,-1,1,1,0.0,-1,-1,-1,-1,-1,-1
https://fandom.com,0,18,0,0,1,0,0,0,1,0,1,2,57,0,0,-1,-1,1,1,0.0,-1,-1,-1,-1,-1,-1
https://fb.com,0,14,0,0,1,0,0,0,1,0,1,1,60,1,60,-1,-1,0,1,0.0476190476190476,-1,-1,-1,-1,-1,-1
https://fda.gov,0,15,0,0,1,0,0,0,1,0,1,2,20,2,20,-1,-1,1,1,0.0434782608695652,-1,-1,-1,-1,-1,-1
https://files.wordpress.com,0,27,0,0,2,0,0,0,1,0,1,1,300,0,0,-1,-1,0,1,0.0064102564102564,-1,-1,-1,-1,-1,-1
https://finance.yahoo.com,0,25,0,0,2,0,0,0,1,0,1,4,36,4,23,-1,-1,0,1,0.005,-1,-1,-1,-1,-1,-1
https://firefox.com,0,19,0,0,1,0,0,0,1,0,1,1,600,0,0,-1,-1,0,1,0.0070422535211267,-1,-1,-1,-1,-1,-1
https://focus.de,0,16,0,0,1,0,0,0,1,0,1,2,20,2,20,-1,-1,0,1,0.0036496350364963,-1,-1,-1,-1,-1,-1
https://forbes.com,0,18,0,0,1,0,0,0,1,0,1,4,22891,0,0,-1,-1,0,1,0.0024691358024691,-1,-1,-1,-1,-1,-1
https://forms.gle,0,17,0,0,1,0,0,0,1,0,1,1,2944,1,3051,-1,-1,0,1,0.0,-1,-1,-1,-1,-1,-1
https://fortune.com,0,19,0,0,1,0,0,0,1,0,1,4,60,0,0,-1,-1,1,1,0.0055555555555555,-1,-1,-1,-1,-1,-1
https://foxnews.com,0,19,0,0,1,0,0,0,1,0,1,1,3600,0,0,-1,-1,0,1,0.0054884742041712,-1,-1,-1,-1,-1,-1
https://frontiersin.org,0,23,0,0,1,0,0,0,1,0,1,1,300,0,0,-1,-1,1,1,0.0092592592592592,-1,-1,-1,-1,-1,-1
https://ft.com,0,14,0,0,1,0,0,0,1,0,1,4,3600,0,0,-1,-1,1,1,0.0130353817504655,-1,-1,-1,-1,-1,-1
https://g.co,0,12,0,0,1,0,0,0,1,0,1,1,250,1,300,-1,-1,0,1,0.0,-1,-1,-1,-1,-1,-1
https://get.google.com,0,22,0,0,2,0,0,0,1,0,1,1,300,1,300,-1,-1,0,1,0.0,-1,-1,-1,-1,-1,-1
https://getbootstrap.com,0,24,0,0,1,0,0,0,1,0,1,2,273,2,272,-1,-1,0,1,0.0116279069767441,-1,-1,-1,-1,-1,-1
https://github.com,0,18,0,0,1,0,0,0,1,0,1,1,39,0,0,-1,-1,0,1,0.0138888888888888,-1,-1,-1,-1,-1,-1
https://gizmodo.com,0,19,0,0,1,0,0,0,1,0,1,3,300,3,300,-1,-1,0,1,0.0223880597014925,-1,-1,-1,-1,-1,-1
https://globo.com,0,17,0,0,1,0,0,0,1,0,1,1,333,0,0,-1,-1,1,1,0.0052219321148825,-1,-1,-1,-1,-1,-1
https://gmail.com,0,17,0,0,1,0,0,0,1,0,1,1,205,1,291,-1,-1,0,1,0.0,-1,-1,-1,-1,-1,-1
https://gofundme.com,0,20,0,0,1,0,0,0,1,0,1,4,60,0,0,-1,-1,0,1,0.0093457943925233,-1,-1,-1,-1,-1,-1
https://goo.gl,0,14,0,0,1,0,0,0,1,0,1,1,60,1,266,-1,-1,0,1,0.0,-1,-1,-1,-1,-1,-1
https://goodreads.com,0,21,0,0,1,0,0,0,1,0,1,3,60,0,0,-1,-1,0,1,0.0075187969924812,-1,-1,-1,-1,-1,-1
https://google.ca,0,17,0,0,1,0,0,0,1,0,1,1,300,1,300,-1,-1,0,1,0.0,-1,-1,-1,-1,-1,-1
https://google.co.id,0,20,0,0,2,0,0,0,1,0,1,1,300,1,300,-1,-1,0,1,0.0,-1,-1,-1,-1,-1,-1
https://google.co.in,0,20,0,0,2,0,0,0,1,0,1,1,300,1,300,-1,-1,0,1,0.0,-1,-1,-1,-1,-1,-1
https://google.co.jp,0,20,0,0,2,0,0,0,1,0,1,1,300,1,300,-1,-1,0,1,0.0,-1,-1,-1,-1,-1,-1
https://google.co.uk,0,20,0,0,2,0,0,0,1,0,1,1,208,1,131,-1,-1,0,1,0.0,-1,-1,-1,-1,-1,-1
https://google.com.br,0,21,0,0,2,0,0,0,1,0,1,1,30,1,113,-1,-1,0,1,0.0,-1,-1,-1,-1,-1,-1
https://google.de,0,17,0,0,1,0,0,0,1,0,1,1,217,1,294,-1,-1,0,1,0.0,-1,-1,-1,-1,-1,-1
https://google.es,0,17,0,0,1,0,0,0,1,0,1,1,300,1,300,-1,-1,0,1,0.0,-1,-1,-1,-1,-1,-1
https://google.fr,0,17,0,0,1,0,0,0,1,0,1,1,300,1,300,-1,-1,0,1,0.0,-1,-1,-1,-1,-1,-1
https://google.nl,0,17,0,0,1,0,0,0,1,0,1,1,300,1,300,-1,-1,0,1,0.0,-1,-1,-1,-1,-1,-1
https://google.pl,0,17,0,0,1,0,0,0,1,0,1,1,300,1,300,-1,-1,0,1,0.0,-1,-1,-1,-1,-1,-1
https://google.ru,0,17,0,0,1,0,0,0,1,0,1,1,300,1,300,-1,-1,0,1,0.0,-1,-1,-1,-1,-1,-1
https://googleblog.com,0,22,0,0,1,0,0,0,1,0,1,1,300,1,300,-1,-1,1,1,0.0042372881355932,-1,-1,-1,-1,-1,-1
https://googleusercontent.com,0,29,0,0,1,0,0,0,1,0,1,1,96,1,4,-1,-1,0,1,0.0,-1,-1,-1,-1,-1,-1
https://gravatar.com,0,20,0,0,1,0,0,0,1,0,1,4,4,0,0,-1,-1,0,1,0.0256410256410256,-1,-1,-1,-1,-1,-1
https://greenpeace.org,0,22,0,0,1,0,0,0,1,0,1,1,600,0,0,-1,-1,1,1,0.5,-1,-1,-1,-1,-1,-1
https://groups.google.com,0,25,0,0,2,0,0,0,1,0,1,4,115,4,300,-1,-1,0,1,0.0,-1,-1,-1,-1,-1,-1
https://gstatic.com,0,19,0,0,1,0,0,0,1,0,1,1,195,1,133,-1,-1,0,1,0.0,-1,-1,-1,-1,-1,-1
https://guardian.co.uk,0,22,0,0,2,0,0,0,1,0,1,4,3600,0,0,-1,-1,0,1,0.0089820359281437,-1,-1,-1,-1,-1,-1
https://harvard.edu,0,19,0,0,1,0,0,0,1,0,1,1,300,0,0,-1,-1,1,1,0.005813953488372,-1,-1,-1,-1,-1,-1
https://hatena.ne.jp,0,20,0,0,2,0,0,0,1,0,1,2,60,0,0,-1,-1,1,1,0.0,-1,-1,-1,-1,-1,-1
https://hindustantimes.com,0,26,0,0,1,0,0,0,1,0,1,1,20,0,0,-1,-1,1,1,0.0319148936170212,-1,-1,-1,-1,-1,-1
https://hm.com,0,14,0,0,1,0,0,0,1,0,1,1,20,2,20,-1,-1,0,1,0.0103092783505154,-1,-1,-1,-1,-1,-1
https://hollywoodreporter.com,0,29,0,0,1,0,0,0,1,0,1,1,300,0,0,-1,-1,1,1,0.0126262626262626,-1,-1,-1,-1,-1,-1
https://home.pl,0,15,0,0,1,0,0,0,1,0,1,1,3600,0,0,-1,-1,0,1,0.0,-1,-1,-1,-1,-1,-1
https://hotmart.com,0,19,0,0,1,0,0,0,1,0,1,4,54,0,0,-1,-1,1,1,0.0476190476190476,-1,-1,-1,-1,-1,-1
https://house.gov,0,17,0,0,1,0,0,0,1,0,1,2,3600,0,0,-1,-1,1,1,0.0384615384615384,-1,-1,-1,-1,-1,-1
https://hp.com,0,14,0,0,1,0,0,0,1,0,1,4,37,0,0,-1,-1,1,1,0.0443349753694581,-1,-1,-1,-1,-1,-1
https://hubspot.com,0,19,0,0,1,0,0,0,1,0,1,2,300,2,300,-1,-1,0,1,0.0042372881355932,-1,-1,-1,-1,-1,-1
https://huffingtonpost.com,0,26,0,0,1,0,0,0,1,0,1,4,300,0,0,-1,-1,0,1,0.0033898305084745,-1,-1,-1,-1,-1,-1
https://huffpost.com,0,20,0,0,1,0,0,0,1,0,1,4,300,0,0,-1,-1,0,1,0.0033898305084745,-1,-1,-1,-1,-1,-1
https://hugedomains.com,0,23,0,0,1,0,0,0,1,0,1,3,300,3,300,-1,-1,0,1,0.0,-1,-1,-1,-1,-1,-1
https://icann.org,0,17,0,0,1,0,0,0,1,0,1,1,600,1,600,-1,-1,0,1,0.0,-1,-1,-1,-1,-1,-1
https://id.wikipedia.org,0,24,0,0,2,0,0,0,1,0,1,1,162,1,47,-1,-1,0,1,0.0153139356814701,-1,-1,-1,-1,-1,-1
https://ig.com.br,0,17,0,0,2,0,0,0,1,0,1,1,300,0,0,-1,-1,1,1,0.0025316455696202,-1,-1,-1,-1,-1,-1
https://ign.com,0,15,0,0,1,0,0,0,1,0,1,4,3600,0,0,-1,-1,0,1,0.0,-1,-1,-1,-1,-1,-1
https://ikea.com,0,16,0,0,1,0,0,0,1,0,1,2,153,2,99,-1,-1,0,1,0.0061728395061728,-1,-1,-1,-1,-1,-1
https://imageshack.us,0,21,0,0,1,0,0,0,1,0,1,2,300,0,0,-1,-1,1,1,0.0625,-1,-1,-1,-1,-1,-1
https://imdb.com,0,16,0,0,1,0,0,0,1,0,1,3,900,0,0,-1,-1,0,1,0.0,-1,-1,-1,-1,-1,-1
https://independent.co.uk,0,25,0,0,2,0,0,0,1,0,1,4,300,0,0,-1,-1,1,1,0.0017825311942959,-1,-1,-1,-1,-1,-1
https://indiatimes.com,0,22,0,0,1,0,0,0,1,0,1,1,19,2,20,-1,-1,0,1,0.0,-1,-1,-1,-1,-1,-1
https://insider.com,0,19,0,0,1,0,0,0,1,0,1,4,3600,0,0,-1,-1,1,1,0.0318181818181818,-1,-1,-1,-1,-1,-1
https://instructables.com,0,25,0,0,1,0,0,0,1,0,1,4,900,0,0,-1,-1,0,1,0.0,-1,-1,-1,-1,-1,-1
https://intel.com,0,17,0,0,1,0,0,0,1,0,1,1,300,0,0,-1,-1,0,1,0.0151515151515151,-1,-1,-1,-1,-1,-1
https://ipv4.google.com,0,23,0,0,2,0,0,0,1,0,1,1,300,0,0,-1,-1,0,1,0.0,-1,-1,-1,-1,-1,-1
https://issuu.com,0,17,0,0,1,0,0,0,1,0,1,4,221,0,0,-1,-1,0,1,0.0,-1,-1,-1,-1,-1,-1
https://istockphoto.com,0,23,0,0,1,0,0,0,1,0,1,4,60,0,0,-1,-1,1,1,0.0,-1,-1,-1,-1,-1,-1
https://it.wikipedia.org,0,24,0,0,2,0,0,0,1,0,1,1,156,1,41,-1,-1,0,1,0.019723865877712,-1,-1,-1,-1,-1,-1
https://itch.io,0,15,0,0,1,0,0,0,1,0,1,1,300,0,0,-1,-1,0,1,0.0026595744680851,-1,-1,-1,-1,-1,-1
https://ja.wikipedia.org,0,24,0,0,2,0,0,0,1,0,1,1,126,1,34,-1,-1,0,1,0.0233644859813084,-1,-1,-1,-1,-1,-1
https://jotform.com,0,19,0,0,1,0,0,0,1,0,1,2,300,2,300,-1,-1,1,1,0.0,-1,-1,-1,-1,-1,-1
https://kompas.com,0,18,0,0,1,0,0,0,1,0,1,4,60,0,0,-1,-1,1,1,0.0303030303030303,-1,-1,-1,-1,-1,-1
https://latimes.com,0,19,0,0,1,0,0,0,1,0,1,2,120,0,0,-1,-1,0,1,0.0023337222870478,-1,-1,-1,-1,-1,-1
https://lavanguardia.com,0,24,0,0,1,0,0,0,1,0,1,2,18000,0,0,-1,-1,0,1,0.0032894736842105,-1,-1,-1,-1,-1,-1
https://lazada.co.id,0,20,0,0,2,0,0,0,1,0,1,8,300,0,0,-1,-1,0,1,0.0,-1,-1,-1,-1,-1,-1
https://lefigaro.fr,0,19,0,0,1,0,0,0,1,0,1,2,20,2,20,-1,-1,1,1,0.0206043956043956,-1,-1,-1,-1,-1,-1
https://lemonde.fr,0,18,0,0,1,0,0,0,1,0,1,1,60,0,0,-1,-1,1,1,0.0230547550432276,-1,-1,-1,-1,-1,-1
https://leparisien.fr,0,21,0,0,1,0,0,0,1,0,1,2,43200,0,0,-1,-1,1,1,0.0018832391713747,-1,-1,-1,-1,-1,-1
https://lexpress.fr,0,19,0,0,1,0,0,0,1,0,1,2,43200,0,0,-1,-1,0,1,0.0031446540880503,-1,-1,-1,-1,-1,-1
https://line.me,0,15,0,0,1,0,0,0,1,0,1,1,300,0,0,-1,-1,1,1,0.0,-1,-1,-1,-1,-1,-1
https://linkedin.com,0,20,0,0,1,0,0,0,1,0,1,1,208,1,137,-1,-1,0,1,0.0063694267515923,-1,-1,-1,-1,-1,-1
https://linktr.ee,0,17,0,0,1,0,0,0,1,0,1,4,60,0,0,-1,-1,1,1,0.0603448275862069,-1,-1,-1,-1,-1,-1
https://liveinternet.ru,0,23,0,0,1,0,0,0,1,0,1,1,28800,0,0,-1,-1,0,1,0.0,-1,-1,-1,-1,-1,-1
https://m.wikipedia.org,0,23,0,0,2,0,0,0,1,0,1,1,80,1,142,-1,-1,0,1,0.008,-1,-1,-1,-1,-1,-1
https://mail.google.com,0,23,0,0,2,0,0,0,1,0,1,1,49,1,168,-1,-1,0,1,0.0,-1,-1,-1,-1,-1,-1
https://mailchi.mp,0,18,0,0,1,0,0,0,1,0,1,1,20,0,0,-1,-1,0,1,0.0035460992907801,-1,-1,-1,-1,-1,-1
https://maps.google.com,0,23,0,0,2,0,0,0,1,0,1,1,161,1,94,-1,-1,0,1,0.0,-1,-1,-1,-1,-1,-1
https://marca.com,0,17,0,0,1,0,0,0,1,0,1,1,300,1,300,-1,-1,0,1,0.0017667844522968,-1,-1,-1,-1,-1,-1
https://mashable.com,0,20,0,0,1,0,0,0,1,0,1,2,300,2,300,-1,-1,1,1,0.0,-1,-1,-1,-1,-1,-1
https://mdpi.com,0,16,0,0,1,0,0,0,1,0,1,2,30,2,60,-1,-1,0,1,0.0,-1,-1,-1,-1,-1,-1
https://mediafire.com,0,21,0,0,1,0,0,0,1,0,1,2,300,0,0,-1,-1,1,1,0.1836734693877551,-1,-1,-1,-1,-1,-1
https://medium.com,0,18,0,0,1,0,0,0,1,0,1,2,229,2,300,-1,-1,0,1,0.0,-1,-1,-1,-1,-1,-1
https://mega.nz,0,15,0,0,1,0,0,0,1,0,1,2,99,2,97,-1,-1,1,1,0.0,-1,-1,-1,-1,-1,-1
https://merriam-webster.com,0,27,0,0,1,1,0,0,1,0,1,4,60,8,60,-1,-1,1,1,0.0047619047619047,-1,-1,-1,-1,-1,-1
https://messenger.com,0,21,0,0,1,0,0,0,1,0,1,1,60,1,29,-1,-1,0,1,0.0,-1,-1,-1,-1,-1,-1
https://metro.co.uk,0,19,0,0,2,0,0,0,1,0,1,1,7200,0,0,-1,-1,0,1,0.0,-1,-1,-1,-1,-1,-1
https://microsoft.com,0,21,0,0,1,0,0,0,1,0,1,2,2507,5,3297,-1,-1,0,1,0.0,-1,-1,-1,-1,-1,-1
https://mirror.co.uk,0,20,0,0,2,0,0,0,1,0,1,2,60,0,0,-1,-1,1,1,0.0,-1,-1,-1,-1,-1,-1
https://mit.edu,0,15,0,0,1,0,0,0,1,0,1,1,20,2,20,-1,-1,1,1,0.0317460317460317,-1,-1,-1,-1,-1,-1
https://mozilla.com,0,19,0,0,1,0,0,0,1,0,1,1,600,0,0,-1,-1,0,1,0.0070422535211267,-1,-1,-1,-1,-1,-1
https://mozilla.org,0,19,0,0,1,0,0,0,1,0,1,1,600,1,2465,-1,-1,0,1,0.0,-1,-1,-1,-1,-1,-1
https://my.yahoo.com,0,20,0,0,2,0,0,0,1,0,1,2,60,4,60,-1,-1,0,1,0.0,-1,-1,-1,-1,-1,-1
https://myaccount.google.com,0,28,0,0,2,0,0,0,1,0,1,1,186,1,75,-1,-1,0,1,0.0,-1,-1,-1,-1,-1,-1
https://mynavi.jp,0,17,0,0,1,0,0,0,1,0,1,4,60,0,0,-1,-1,1,1,0.0,-1,-1,-1,-1,-1,-1
https://mystrikingly.com,0,24,0,0,1,0,0,0,1,0,1,4,60,0,0,-1,-1,0,1,0.0714285714285714,-1,-1,-1,-1,-1,-1
https://namebright.com,0,22,0,0,1,0,0,0,1,0,1,2,300,2,300,-1,-1,1,0,0.0,-1,-1,-1,-1,-1,-1
https://nasa.gov,0,16,0,0,1,0,0,0,1,0,1,1,600,1,600,-1,-1,1,1,0.0072992700729927,-1,-1,-1,-1,-1,-1
https://nationalgeographic.com,0,30,0,0,1,0,0,0,1,0,1,4,60,0,0,-1,-1,1,1,0.0,-1,-1,-1,-1,-1,-1
https://nature.com,0,18,0,0,1,0,0,0,1,0,0,0,0,0,0,-1,-1,0,1,0.0359712230215827,-1,-1,-1,-1,-1,-1
https://naver.com,0,17,0,0,1,0,0,0,1,0,1,4,300,0,0,-1,-1,0,1,1.0,-1,-1,-1,-1,-1,-1
https://nbcnews.com,0,19,0,0,1,0,0,0,1,0,1,4,180,0,0,-1,-1,0,1,0.0531914893617021,-1,-1,-1,-1,-1,-1
https://ndtv.com,0,16,0,0,1,0,0,0,1,0,1,1,20,2,20,-1,-1,1,1,0.0141093474426807,-1,-1,-1,-1,-1,-1
https://netflix.com,0,19,0,0,1,0,0,0,1,0,1,3,34,3,60,-1,-1,0,1,0.0476190476190476,-1,-1,-1,-1,-1,-1
https://netlify.app,0,19,0,0,1,0,0,0,1,0,1,1,120,1,311,-1,-1,1,1,0.008,-1,-1,-1,-1,-1,-1
https://netvibes.com,0,20,0,0,1,0,0,0,1,0,1,1,300,0,0,-1,-1,0,1,0.0,-1,-1,-1,-1,-1,-1
https://networkadvertising.org,0,30,0,0,1,0,0,0,1,0,1,4,60,0,0,-1,-1,0,1,0.009090909090909,-1,-1,-1,-1,-1,-1
https://news.google.com,0,23,0,0,2,0,0,0,1,0,1,1,22,1,284,-1,-1,0,1,0.0,-1,-1,-1,-1,-1,-1
https://news.yahoo.com,0,22,0,0,2,0,0,0,1,0,1,4,44,4,60,-1,-1,0,1,0.006198347107438,-1,-1,-1,-1,-1,-1
https://newsweek.com,0,20,0,0,1,0,0,0,1,0,1,2,300,0,0,-1,-1,0,1,0.0032467532467532,-1,-1,-1,-1,-1,-1
https://newyorker.com,0,21,0,0,1,0,0,0,1,0,1,4,300,0,0,-1,-1,1,1,0.0076335877862595,-1,-1,-1,-1,-1,-1
https://nginx.com,0,17,0,0,1,0,0,0,1,0,1,1,600,0,0,-1,-1,0,1,0.0948616600790513,-1,-1,-1,-1,-1,-1
https://nginx.org,0,17,0,0,1,0,0,0,1,0,1,2,120,2,120,-1,-1,0,1,0.0,-1,-1,-1,-1,-1,-1
https://nicsell.com,0,19,0,0,1,0,0,0,1,0,1,1,3600,0,0,-1,-1,0,1,0.0210526315789473,-1,-1,-1,-1,-1,-1
https://nih.gov,0,15,0,0,1,0,0,0,1,0,1,1,7200,0,0,-1,-1,1,1,0.0194174757281553,-1,-1,-1,-1,-1,-1
https://nintendo.com,0,20,0,0,1,0,0,0,1,0,1,1,60,0,0,-1,-1,0,1,0.0,-1,-1,-1,-1,-1,-1
https://npr.org,0,15,0,0,1,0,0,0,1,0,1,4,60,0,0,-1,-1,1,1,0.0036630036630036,-1,-1,-1,-1,-1,-1
https://nymag.com,0,17,0,0,1,0,0,0,1,0,1,2,300,0,0,-1,-1,1,1,0.0,-1,-1,-1,-1,-1,-1
https://coinbase.sendsafely.com/d/client-services-files/B2B-01435461,1,68,0,0,2,0,0,0,1,0,1,2,60,0,0,-1,-1,1,1,0.0,-1,-1,-1,-1,-1,-1
https://coinbase.sendsafely.com/dropzone/client-services-files/B2B-01435461,1,75,0,0,2,0,0,0,1,0,1,2,41,0,0,-1,-1,1,1,0.0,-1,-1,-1,-1,-1,-1
https://primeira-venda-na-shopee-alppxodyjxhmny55.builder-preview.com/,1,70,0,0,2,1,0,0,1,0,1,1,300,1,300,-1,-1,0,1,0.0,-1,-1,-1,-1,-1,-1
https://www.eventolaracastilho.com.br/cadastro,1,46,0,0,3,0,0,0,1,0,1,2,135,0,0,-1,-1,1,0,0.0,-1,-1,-1,-1,-1,-1
https://cashmoniq.com/FKyLQMS1,1,30,0,0,1,0,0,0,1,0,1,2,300,2,300,-1,-1,0,1,0.0,-1,-1,-1,-1,-1,-1
https://coinabseeprooloigini.godaddysites.com/,1,46,0,0,2,0,0,0,1,0,1,2,600,0,0,-1,-1,1,1,0.0,-1,-1,-1,-1,-1,-1
https://paintcakeswap.com/,1,26,0,0,1,0,0,0,1,0,1,2,300,2,300,-1,-1,0,1,0.0,-1,-1,-1,-1,-1,-1
http://ordinary-copy-627769.framer.app/,1,39,0,0,2,1,0,0,0,0,1,2,300,0,0,-1,-1,0,1,0.0,-1,-1,-1,-1,-1,-1
https://whatsjxj.cc/,1,20,0,0,1,0,0,0,1,0,1,1,600,0,0,-1,-1,0,1,0.4242424242424242,-1,-1,-1,-1,-1,-1
https://ubi-cloud.info/?i=49ysu,1,31,0,0,1,1,0,0,1,0,1,1,14395,0,0,-1,-1,0,1,0.0,-1,-1,-1,-1,-1,-1
http://f.digitalmaillane.com/igit/4/amt82jxMjalzn7q1hbMldsMw9bsgkM0bgMdd5Mo1MhMa,1,80,0,0,2,0,0,0,0,0,1,1,900,0,0,-1,-1,0,1,0.0,-1,-1,-1,-1,-1,-1
https://trkamu.net/,1,19,0,0,1,0,0,0,1,0,1,2,300,2,300,-1,-1,0,1,0.0,-1,-1,-1,-1,-1,-1
https://help-trezo-or-brid-ge.typedream.app/,1,44,0,0,2,1,0,0,1,0,1,2,300,0,0,-1,-1,0,1,0.0,-1,-1,-1,-1,-1,-1
https://villanyiborfesztival.hu/study/in/online/_nuxt/login.php,1,63,0,0,2,0,0,0,1,0,1,1,300,0,0,-1,-1,0,1,0.0,-1,-1,-1,-1,-1,-1
https://villanyiborfesztival.hu/study/in/online/_nuxt/information.php?access.x18373766347&&data.x=en_1d0c1ea6659726466a10692be,1,126,0,0,4,0,0,0,1,0,1,1,283,0,0,-1,-1,0,1,0.0,-1,-1,-1,-1,-1,-1
https://14525412541236592.duckdns.org/,1,38,0,0,2,0,0,0,1,0,1,1,60,0,0,-1,-1,0,1,0.0,-1,-1,-1,-1,-1,-1
http://refund-advertising-meta.surge.sh/accountMeta,1,51,0,0,2,1,0,0,0,0,1,1,301,0,0,-1,-1,0,1,0.0,-1,-1,-1,-1,-1,-1
http://www.agente-outlook.de.cool/,1,34,0,0,3,1,0,0,0,0,1,3,300,1,300,-1,-1,0,1,1.0,-1,-1,-1,-1,-1,-1
https://bongbigutsy.digital/,1,28,0,0,1,0,0,0,1,0,1,2,300,2,300,-1,-1,0,1,0.0,-1,-1,-1,-1,-1,-1
http://www.ekodimadudown.digital/,1,33,0,0,2,0,0,0,0,0,1,2,300,2,300,-1,-1,0,1,0.0,-1,-1,-1,-1,-1,-1
https://pc.whatsiew.cc/wp-includes/Text/about.php7,1,50,0,0,3,0,0,0,1,0,1,1,600,0,0,-1,-1,0,1,0.09375,-1,-1,-1,-1,-1,-1
https://pc.whatseqs.cc/,1,23,0,0,2,0,0,0,1,0,1,1,600,0,0,-1,-1,0,1,0.3018867924528302,-1,-1,-1,-1,-1,-1
http://www.0qb73a.com/,1,22,0,0,2,0,0,0,0,0,1,1,300,0,0,-1,-1,1,1,0.0294117647058823,-1,-1,-1,-1,-1,-1
https://pc.whatssyg.cc/i/home.html,1,34,0,0,3,0,0,0,1,0,1,1,600,0,0,-1,-1,0,1,0.09375,-1,-1,-1,-1,-1,-1
https://pc.whatsquw.cc/i/home.html,1,34,0,0,3,0,0,0,1,0,1,1,600,0,0,-1,-1,0,1,0.09375,-1,-1,-1,-1,-1,-1
https://pc.whatssoo.cc/i/home.html,1,34,0,0,3,0,0,0,1,0,1,1,600,0,0,-1,-1,0,1,0.09375,-1,-1,-1,-1,-1,-1
https://pc.whatswau.cc/_layouts/15/spinstall0.aspx,1,50,0,0,3,0,0,0,1,0,1,1,600,0,0,-1,-1,0,1,0.09375,-1,-1,-1,-1,-1,-1
https://pc.whatslpn.cc/wp-includes/Text/about.php7,1,50,0,0,3,0,0,0,1,0,1,1,600,0,0,-1,-1,0,1,0.09375,-1,-1,-1,-1,-1,-1
https://pc.whatsick.cc/wp-includes/Text/about.php7,1,50,0,0,3,0,0,0,1,0,1,1,600,0,0,-1,-1,0,1,0.09375,-1,-1,-1,-1,-1,-1
https://pc.whatsumc.cc/i/home.html,1,34,0,0,3,0,0,0,1,0,1,1,600,0,0,-1,-1,0,1,0.09375,-1,-1,-1,-1,-1,-1
https://pc.whatsuyk.cc/i/home.html,1,34,0,0,3,0,0,0,1,0,1,1,600,0,0,-1,-1,0,1,0.09375,-1,-1,-1,-1,-1,-1
https://pc.whatsisq.cc/wp-includes/Text/about.php7,1,50,0,0,3,0,0,0,1,0,1,1,600,0,0,-1,-1,0,1,0.09375,-1,-1,-1,-1,-1,-1
https://pc.whatsmge.cc/wp-includes/Text/about.php7,1,50,0,0,3,0,0,0,1,0,1,1,600,0,0,-1,-1,0,1,0.09375,-1,-1,-1,-1,-1,-1
https://pc.whatsqga.cc/i/home.html,1,34,0,0,3,0,0,0,1,0,1,1,600,0,0,-1,-1,0,1,0.09375,-1,-1,-1,-1,-1,-1
https://pc.whatssai.cc/i/home.html,1,34,0,0,3,0,0,0,1,0,1,1,600,0,0,-1,-1,0,1,0.09375,-1,-1,-1,-1,-1,-1
https://pc.whatsuqu.cc/i/home.html,1,34,0,0,3,0,0,0,1,0,1,1,600,0,0,-1,-1,0,1,0.09375,-1,-1,-1,-1,-1,-1
http://whatsjxj.cc/wp-includes/Text/about.php7,1,46,0,0,2,0,0,0,0,0,1,1,600,0,0,-1,-1,0,1,0.09375,-1,-1,-1,-1,-1,-1
https://pc.whatsuqc.cc/i/home.html,1,34,0,0,3,0,0,0,1,0,1,1,600,0,0,-1,-1,0,1,0.09375,-1,-1,-1,-1,-1,-1
https://pc.whatsway.cc/_layouts/15/spinstall0.aspx,1,50,0,0,3,0,0,0,1,0,1,1,600,0,0,-1,-1,0,1,0.09375,-1,-1,-1,-1,-1,-1
https://pc.whatssgy.cc/i/home.html,1,34,0,0,3,0,0,0,1,0,1,1,600,0,0,-1,-1,0,1,0.09375,-1,-1,-1,-1,-1,-1
https://whatsqcq.cc/i/home.html,1,31,0,0,2,0,0,0,1,0,1,1,600,0,0,-1,-1,0,1,0.09375,-1,-1,-1,-1,-1,-1
https://pc.whatsswi.cc/i/home.html,1,34,0,0,3,0,0,0,1,0,1,1,600,0,0,-1,-1,0,1,0.09375,-1,-1,-1,-1,-1,-1
https://pc.whatsqcs.cc/i/home.html,1,34,0,0,3,0,0,0,1,0,1,1,600,0,0,-1,-1,0,1,0.09375,-1,-1,-1,-1,-1,-1
https://pc.whatsrhh.cc/i/home.html,1,34,0,0,3,0,0,0,1,0,1,1,600,0,0,-1,-1,0,1,0.09375,-1,-1,-1,-1,-1,-1
http://whatshbt.cc/wp-includes/Text/about.php7,1,46,0,0,2,0,0,0,0,0,1,1,600,0,0,-1,-1,0,1,0.09375,-1,-1,-1,-1,-1,-1
https://pc.whatsqow.cc/i/home.html,1,34,0,0,3,0,0,0,1,0,1,1,600,0,0,-1,-1,0,1,0.09375,-1,-1,-1,-1,-1,-1
https://ndaxllogin.pages.dev/,1,29,0,0,2,0,0,0,1,0,1,2,300,2,300,-1,-1,0,1,0.0,-1,-1,-1,-1,-1,-1
https://optimalog.login-support.ru/__p__/https/mail.optimalog.ru/owa/auth/logon.aspx?replaceCurrent=1&url=https%3a%2f%2fmail.optimalog.ru%2fowa%2f,1,146,0,0,7,1,1,0,1,0,1,1,38400,0,0,-1,-1,0,1,0.0,-1,-1,-1,-1,-1,-1
http://optimalog.login-support.ru/,1,34,0,0,2,1,0,0,0,0,1,1,38396,0,0,-1,-1,0,1,0.0,-1,-1,-1,-1,-1,-1
https://remindeertsuperiority-updated-groswc82ut.edgeone.app/tyhuky.htm,1,71,0,0,3,1,0,0,1,0,1,1,60,0,0,-1,-1,1,0,0.0,-1,-1,-1,-1,-1,-1
https://onlinemailstorage.com/cl87346f254/6e732d2550c25050c3c419b0/index.php?id=228758f5e30bbfbb723900727b18650c,1,112,0,0,2,0,0,0,1,0,1,2,60,0,0,-1,-1,0,1,0.0,-1,-1,-1,-1,-1,-1
https://lad28.top/,1,18,0,0,1,0,0,0,1,0,1,2,298,0,0,-1,-1,0,1,0.0,-1,-1,-1,-1,-1,-1
http://unirccwap.cc/,1,20,0,0,1,0,0,0,0,0,1,2,300,2,300,-1,-1,0,1,0.0,-1,-1,-1,-1,-1,-1
http://uniccrwap.cc/,1,20,0,0,1,0,0,0,0,0,1,2,300,2,300,-1,-1,0,1,0.0,-1,-1,-1,-1,-1,-1
https://app-uniswcp-v3.com/,1,27,0,0,1,1,0,0,1,0,1,2,300,2,300,-1,-1,0,1,0.0,-1,-1,-1,-1,-1,-1
https://www.uyiniswap.com/,1,26,0,0,2,0,0,0,1,0,1,2,300,2,300,-1,-1,0,1,0.0,-1,-1,-1,-1,-1,-1
https://uniytboned.com/,1,23,0,0,1,0,0,0,1,0,1,2,300,2,300,-1,-1,0,1,0.0,-1,-1,-1,-1,-1,-1
https://app-uniswcp-v1.com/,1,27,0,0,1,1,0,0,1,0,1,2,300,2,300,-1,-1,0,1,0.0,-1,-1,-1,-1,-1,-1
https://app-uniswcp-launch-v5.com/,1,34,0,0,1,1,0,0,1,0,1,2,300,2,300,-1,-1,0,1,0.0,-1,-1,-1,-1,-1,-1
https://tlinkokk.top/,1,21,0,0,1,0,0,0,1,0,1,1,300,0,0,-1,-1,0,1,0.0,-1,-1,-1,-1,-1,-1
https://vccaswk.com/,1,20,0,0,1,0,0,0,1,0,0,0,0,0,0,-1,-1,0,1,0.0,-1,-1,-1,-1,-1,-1
https://www.mediasupportteam.com/form/-1002067293014/,1,53,0,0,2,0,0,0,1,0,1,2,300,2,300,-1,-1,0,1,0.0,-1,-1,-1,-1,-1,-1
https://0416b72d-0fd0-4899-8eec-55780ed29654-00-1nfxpls5b7y80.kirk.replit.dev/?fbclid=IwY2xjawNbdMZleHRuA2FlbQIxMABicmlkETFHQjg5a2hpOEo3N1k4ODQ5AR7CvCqrxbFTovB6jJ69cSHSjCB3ekkv5pAPakxGSChiYIkZWVdbNkmeZxs6qg_aem_8ED8BQAlI8zdp1Wrzjbkpg,1,233,0,0,3,1,0,0,1,0,1,1,300,0,0,-1,-1,0,1,0.0,-1,-1,-1,-1,-1,-1
https://agente-outlook.de.cool/index.html,1,41,0,0,3,1,0,0,1,0,1,3,300,1,300,-1,-1,0,1,1.0,-1,-1,-1,-1,-1,-1
https://produbanc0nlinetrop.vercel.app/?fbclid=IwY2xjawNbUYZleHRuA2FlbQIxMABicmlkETFBOTFVTGhrYm5kU1lOUjRYAR4FkQimWXq4HV_GCiFpoF9SLYuP--3ZEsuCqmL5yfRZpQzeretQBy3OEt_LGQ_aem_UAw_pj5mk5R3oc4BWyTOlA,1,194,0,0,2,0,0,0,1,0,1,2,300,0,0,-1,-1,0,1,1.0,-1,-1,-1,-1,-1,-1
https://lazordmedia.com/.popingan/wagwanson,1,43,0,0,2,0,0,0,1,0,1,2,300,2,300,-1,-1,0,1,0.0,-1,-1,-1,-1,-1,-1
https://yogeshnaru.github.io/Amazon-clone,1,41,0,0,2,0,0,0,1,0,1,4,3600,4,3600,-1,-1,0,1,0.0,-1,-1,-1,-1,-1,-1
https://yahoomail2.godaddysites.com/,1,36,0,0,2,0,0,0,1,0,1,2,600,0,0,-1,-1,0,1,0.1428571428571428,-1,-1,-1,-1,-1,-1
http://refund-advertising-meta.surge.sh/account61580050738171,1,61,0,0,2,1,0,0,0,0,1,1,301,0,0,-1,-1,0,1,0.0,-1,-1,-1,-1,-1,-1
https://microsoft.design/articles/start-fresh-redesigning-windows-start-menu/,1,77,0,0,1,0,0,0,1,0,1,2,3600,0,0,-1,-1,1,1,0.0113636363636363,-1,-1,-1,-1,-1,-1
https://feiraodeoutubro2025.github.io/j25/,1,42,0,0,2,0,0,0,1,0,1,4,3600,4,3600,-1,-1,1,1,1.0,-1,-1,-1,-1,-1,-1
https://secure-upheld-page.pages.dev/,1,37,0,0,2,1,0,0,1,0,1,2,300,2,300,-1,-1,0,1,0.0,-1,-1,-1,-1,-1,-1
https://utkarsh-mauryaa.github.io/NetflixUI_Project/,1,52,0,0,2,1,0,0,1,0,1,4,3600,4,3600,-1,-1,0,1,0.0,-1,-1,-1,-1,-1,-1
https://basdga04.github.io/danaisa/,1,35,0,0,2,0,0,0,1,0,1,4,3600,4,3600,-1,-1,0,1,0.0,-1,-1,-1,-1,-1,-1
https://pub-a05052f21b2c4d8da177bc97c77fa992.r2.dev/index.html?60a436eafbf197d0f3b8c34e4464f9,1,93,0,0,3,1,0,0,1,0,1,2,300,2,300,-1,-1,1,1,0.0,-1,-1,-1,-1,-1,-1
https://mint-nftbox07-chi.vercel.app/,1,37,0,0,2,1,0,0,1,0,1,2,300,0,0,-1,-1,0,1,0.5,-1,-1,-1,-1,-1,-1
http://f.digitalmaillane.com/igit/4/53n5bcuPt48stcv6mgPqixP2eu2x4gP5glPhiaPt6PmPf,1,81,0,0,2,0,0,0,0,0,1,1,900,0,0,-1,-1,0,1,0.0,-1,-1,-1,-1,-1,-1
https://lightyellow-dotterel-255560.hostingersite.com/public/upload/antai/redirect,1,82,0,0,2,1,0,0,1,0,1,2,60,2,60,-1,-1,1,0,0.0,-1,-1,-1,-1,-1,-1
https://leticiamaca.github.io/Recriando-a-pagina-do-instagram/,1,62,0,0,2,0,0,0,1,0,1,4,3600,4,3600,-1,-1,0,1,0.0,-1,-1,-1,-1,-1,-1
https://murtuja43.github.io/facebook-clone.github.io/,1,53,0,0,4,0,0,0,1,0,1,4,3600,4,3600,-1,-1,0,1,0.0,-1,-1,-1,-1,-1,-1
https://rocky70125.github.io/Social-Media/,1,42,0,0,2,0,0,0,1,0,1,4,3600,4,3600,-1,-1,0,1,0.0,-1,-1,-1,-1,-1,-1
https://www.roblox.tc/games/90260166986922/Neko-Outbreak-63?privateServerLinkCode=32450739618257576526420714999432,1,114,0,0,2,0,0,0,1,0,1,1,292,0,0,-1,-1,1,1,0.2,-1,-1,-1,-1,-1,-1
https://www.roblox.tc/users/1650259200/profile,1,46,0,0,2,0,0,0,1,0,1,1,286,0,0,-1,-1,1,1,0.0857142857142857,-1,-1,-1,-1,-1,-1
https://www.roblox.tc/games/14153443454/Meet-a-neko?privateServerLinkCode=86417855564966570601148649218241,1,106,0,0,2,0,0,0,1,0,1,1,290,0,0,-1,-1,1,1,0.2,-1,-1,-1,-1,-1,-1
https://www.roblox.tc/games/87206555365816/Dollhouse-Roleplay-Modded-BACK?privateServerLinkCode=71529218401190750331534188560664,1,128,0,0,2,0,0,0,1,0,1,1,284,0,0,-1,-1,1,1,0.2,-1,-1,-1,-1,-1,-1
https://www.roblox.tc/games/88270880256027/WORKING-SUSSY-SWAP-SIMULATOR-2?privateServerLinkCode=58081094282951956029777835635080,1,128,0,0,2,0,0,0,1,0,1,1,267,0,0,-1,-1,1,1,0.2,-1,-1,-1,-1,-1,-1
https://www.roblox.tc/games/135584994052780/AI-Talk-With-Neko?privateServerLinkCode=08413143472818728296023391015787,1,116,0,0,2,0,0,0,1,0,1,1,264,0,0,-1,-1,1,1,0.2,-1,-1,-1,-1,-1,-1
https://www.roblox.tc/games/76106209840076/Weird-Neko-Untitled-Game?privateServerLinkCode=13537921365426259357523737729058,1,122,0,0,2,0,0,0,1,0,1,1,258,0,0,-1,-1,1,1,0.2,-1,-1,-1,-1,-1,-1
https://www.roblox.tc/games/142823291/Murder-Mystery-2?privateServerLinkCode=04830190047369293408278139882682,1,109,0,0,2,0,0,0,1,0,1,1,249,0,0,-1,-1,1,1,0.2,-1,-1,-1,-1,-1,-1
https://www.roblox.tc/games/127742093697776/Plants-Vs-Brainrots?privateServerLinkCode=21409272151831953883040609307523,1,118,0,0,2,0,0,0,1,0,1,1,225,0,0,-1,-1,1,1,0.2,-1,-1,-1,-1,-1,-1
https://www.roblox.tc/communities/8745361804/teagertsalol,1,57,0,0,2,0,0,0,1,0,1,1,219,0,0,-1,-1,1,1,0.0625,-1,-1,-1,-1,-1,-1
https://www.roblox.tc/communities/7779463490/HowToRoblox-Group,1,62,0,0,2,0,0,0,1,0,1,1,215,0,0,-1,-1,1,1,0.0625,-1,-1,-1,-1,-1,-1
https://www.roblox.tc/communities/2545482608/GrouchysUGC,1,56,0,0,2,0,0,0,1,0,1,1,195,0,0,-1,-1,1,1,0.0625,-1,-1,-1,-1,-1,-1
https://www.roblox.com.ml/games/87039211657390/HALLOWEEN-Arise-Crossover?privateServerLinkCode=42454397221673564687240206875728,1,127,0,0,3,0,0,0,1,0,1,1,300,0,0,-1,-1,1,1,0.2,-1,-1,-1,-1,-1,-1
https://www.roblox.com.ml/games/16732694052/Fisch-ANNIVERSARY?privateServerLinkCode=28313365126952009246543021733986,1,116,0,0,3,0,0,0,1,0,1,1,294,0,0,-1,-1,1,1,0.2,-1,-1,-1,-1,-1,-1
https://www.roblox.com.ml/users/1041789408/profile,1,50,0,0,3,0,0,0,1,0,1,1,257,0,0,-1,-1,1,1,0.0857142857142857,-1,-1,-1,-1,-1,-1
https://www.roblox.com.ml/games/77182599101794/4nn1s-Place?privateServerLinkCode=87330924578233314791747515245093,1,113,0,0,3,0,0,0,1,0,1,1,231,0,0,-1,-1,1,1,0.2,-1,-1,-1,-1,-1,-1
https://www.roblox.com.ml/games/13772394625/Blade-Ball?privateServerLinkCode=28313365126952009246543021733986,1,109,0,0,3,0,0,0,1,0,1,1,216,0,0,-1,-1,1,1,0.2,-1,-1,-1,-1,-1,-1
https://www.roblox.com.ml/games/16732694052/Fisch?privateServerLinkCode=35634205042278434369918411983306,1,104,0,0,3,0,0,0,1,0,1,1,213,0,0,-1,-1,1,1,0.2,-1,-1,-1,-1,-1,-1
https://www.roblox.com.ml/games/2753915549/Event-Blox-Fruits?privateServerLinkCode=28313365126952009246543021733986,1,115,0,0,3,0,0,0,1,0,1,1,159,0,0,-1,-1,1,1,0.2,-1,-1,-1,-1,-1,-1
https://www.roblox.com.ml/games/126884695634066/Grow-a-Garden?privateServerLinkCode=66793287834511201082600638331873,1,116,0,0,3,0,0,0,1,0,1,1,129,0,0,-1,-1,1,1,0.2,-1,-1,-1,-1,-1,-1
https://www.roblox.com.ml/communities/8703973738/YUMI-COMMUNITY,1,63,0,0,3,0,0,0,1,0,1,1,115,0,0,-1,-1,1,1,0.0625,-1,-1,-1,-1,-1,-1
https://www.roblox.com.ml/communities/8027380749/robuxgroup,1,59,0,0,3,0,0,0,1,0,1,1,102,0,0,-1,-1,1,1,0.0625,-1,-1,-1,-1,-1,-1
https://www.robiox.com.tg/games/105555311806207/Build-a-ZooFish?privateServerLinkCode=095853174697132061854362055139,1,116,0,0,3,0,0,0,1,0,1,1,889,0,0,-1,-1,1,1,0.1666666666666666,-1,-1,-1,-1,-1,-1
https://www.roblox.com.ml/communities/2152309615/rls,1,52,0,0,3,0,0,0,1,0,1,1,94,0,0,-1,-1,1,1,0.0625,-1,-1,-1,-1,-1,-1
https://www.roblox.com.ml/games/109983668079237/Steal-a-Brainrot?privateServerLinkCode=47548842260043123321472649476155,1,119,0,0,3,0,0,0,1,0,1,1,91,0,0,-1,-1,1,1,0.2,-1,-1,-1,-1,-1,-1
https://www.robiox.com.tg/games/107652936251047/SOON-Reverse-Woman-Repellant?privateServerLinkCode=658890394426602665512268487568,1,129,0,0,3,0,0,0,1,0,1,1,876,0,0,-1,-1,1,1,0.1666666666666666,-1,-1,-1,-1,-1,-1
https://www.roblox.com.ml/games/115667188734034/?privateServerLinkCode=39616613660953660870079777693002,1,103,0,0,3,0,0,0,1,0,1,1,82,0,0,-1,-1,1,1,0.2,-1,-1,-1,-1,-1,-1
https://www.roblox.com.ml/communities/624203582/Dreamy-Angel,1,60,0,0,3,0,0,0,1,0,1,1,78,0,0,-1,-1,1,1,0.0625,-1,-1,-1,-1,-1,-1
https://www.robiox.com.ua/users/560522459/profile,1,49,0,0,3,0,0,0,1,0,1,1,300,0,0,-1,-1,1,1,0.0857142857142857,-1,-1,-1,-1,-1,-1
https://www.roblox.com.ml/communities/3665951371/ganzio,1,55,0,0,3,0,0,0,1,0,1,1,60,0,0,-1,-1,1,1,0.0625,-1,-1,-1,-1,-1,-1
https://www.roblox.com.ml/communities/2139361910/Azaksi-Community,1,65,0,0,3,0,0,0,1,0,1,1,52,0,0,-1,-1,1,1,0.0625,-1,-1,-1,-1,-1,-1
https://www.roblox.com.ml/communities/3715038124/VirtualityWorld,1,64,0,0,3,0,0,0,1,0,1,1,40,0,0,-1,-1,1,1,0.0625,-1,-1,-1,-1,-1,-1
https://www.robiox.com.ua/users/5568366183/profile,1,50,0,0,3,0,0,0,1,0,1,1,260,0,0,-1,-1,1,1,0.0857142857142857,-1,-1,-1,-1,-1,-1
https://www.roblox.com.ml/communities/26158331/FantasyUGC,1,57,0,0,3,0,0,0,1,0,1,1,19,0,0,-1,-1,1,1,0.0625,-1,-1,-1,-1,-1,-1
https://www.robiox.com.ua/users/1370831435/profile,1,50,0,0,3,0,0,0,1,0,1,1,235,0,0,-1,-1,1,1,0.0857142857142857,-1,-1,-1,-1,-1,-1
https://www.robiox.com.ua/users/3345611999/profile,1,50,0,0,3,0,0,0,1,0,1,1,232,0,0,-1,-1,1,1,0.0857142857142857,-1,-1,-1,-1,-1,-1
https://www.robiox.com.ua/users/3847655696/profile,1,50,0,0,3,0,0,0,1,0,1,1,227,0,0,-1,-1,1,1,0.0857142857142857,-1,-1,-1,-1,-1,-1
https://www.robiox.com.ua/users/2117479661/profile,1,50,0,0,3,0,0,0,1,0,1,1,224,0,0,-1,-1,1,1,0.0857142857142857,-1,-1,-1,-1,-1,-1
https://www.robiox.com.ua/games/13831863192/Neko-Infection-GUBBY-NEKO?privateServerLinkCode=67142696921664684343603181545668,1,124,0,0,3,0,0,0,1,0,1,1,221,0,0,-1,-1,1,1,0.2,-1,-1,-1,-1,-1,-1
https://www.robiox.com.ua/games/11458003847/Xayezi-Hangout-Vibe-Place-Mic-up?privateServerLinkCode=32718313217100905384095220911346,1,131,0,0,3,0,0,0,1,0,1,1,205,0,0,-1,-1,1,1,0.2,-1,-1,-1,-1,-1,-1
https://www.robiox.com.ua/games/920587237/Adopt-Me?privateServerLinkCode=36903500197286509827722327623711,1,105,0,0,3,0,0,0,1,0,1,1,194,0,0,-1,-1,1,1,0.2,-1,-1,-1,-1,-1,-1
https://www.robiox.com.ua/users/1243690708/profile,1,50,0,0,3,0,0,0,1,0,1,1,187,0,0,-1,-1,1,1,0.0857142857142857,-1,-1,-1,-1,-1,-1
https://www.robiox.com.ua/games/14024789662/A-r34-gaem-READ-DESC?privateServerLinkCode=80053020960536892416911736020067,1,119,0,0,3,0,0,0,1,0,1,1,179,0,0,-1,-1,1,1,0.2,-1,-1,-1,-1,-1,-1
https://www.robiox.com.ua/games/107652936251047/EVENT-Reverse-Woman-Repellant?privateServerLinkCode=29629125429352305496251227302761,1,132,0,0,3,0,0,0,1,0,1,1,165,0,0,-1,-1,1,1,0.2,-1,-1,-1,-1,-1,-1
https://www.robiox.com.ua/games/127742093697776/Plants-Vs-Brainrots?privateServerLinkCode=03210110943395965770933354352589,1,122,0,0,3,0,0,0,1,0,1,1,162,0,0,-1,-1,1,1,0.2,-1,-1,-1,-1,-1,-1
https://www.robiox.com.ua/games/109983668079237/Steal-a-Brainrot?privateServerLinkCode=39083799041359763417621285710870,1,119,0,0,3,0,0,0,1,0,1,1,159,0,0,-1,-1,1,1,0.2,-1,-1,-1,-1,-1,-1
https://www.robiox.com.ua/games/126884695634066/Grow-a-Garden?privateServerLinkCode=60338898509261474526854473020632,1,116,0,0,3,0,0,0,1,0,1,1,156,0,0,-1,-1,1,1,0.2,-1,-1,-1,-1,-1,-1
https://www.robiox.com.am/users/7552221366/profile,1,50,0,0,3,0,0,0,1,0,1,1,300,0,0,-1,-1,1,1,0.0857142857142857,-1,-1,-1,-1,-1,-1
https://www.robiox.com.am/users/6892355627/profile,1,50,0,0,3,0,0,0,1,0,1,1,296,0,0,-1,-1,1,1,0.0857142857142857,-1,-1,-1,-1,-1,-1
https://www.robiox.com.am/users/4426700767/profile,1,50,0,0,3,0,0,0,1,0,1,1,297,0,0,-1,-1,1,1,0.0857142857142857,-1,-1,-1,-1,-1,-1
https://shrt.lat/oPXUD,1,22,0,0,1,0,0,0,1,0,1,1,14400,0,0,-1,-1,1,1,0.1111111111111111,-1,-1,-1,-1,-1,-1
https://www.robiox.com.am/users/445232456/profile,1,49,0,0,3,0,0,0,1,0,1,1,287,0,0,-1,-1,1,1,0.0857142857142857,-1,-1,-1,-1,-1,-1
https://shrt.lat/vAbXM,1,22,0,0,1,0,0,0,1,0,1,1,14391,0,0,-1,-1,1,1,0.0909090909090909,-1,-1,-1,-1,-1,-1
https://www.robiox.com.am/users/4741189575/profile?privateServerLinkCode=70765546157649273421062123607985,1,105,0,0,3,0,0,0,1,0,1,1,279,0,0,-1,-1,1,1,0.0857142857142857,-1,-1,-1,-1,-1,-1
https://shrt.lat/gBPUW,1,22,0,0,1,0,0,0,1,0,1,1,14384,0,0,-1,-1,1,1,0.12,-1,-1,-1,-1,-1,-1
https://wwvw-roblox.com/users/938102897/profile,1,47,0,0,1,1,0,0,1,0,1,2,300,2,300,-1,-1,1,1,0.0857142857142857,-1,-1,-1,-1,-1,-1
https://www.robiox.com.ua/communities/4183949668/IMNOT-Studio,1,61,0,0,3,0,0,0,1,0,1,1,97,0,0,-1,-1,1,1,0.0625,-1,-1,-1,-1,-1,-1
https://shrt.lat/fuDyj,1,22,0,0,1,0,0,0,1,0,1,1,14329,0,0,-1,-1,1,1,0.1071428571428571,-1,-1,-1,-1,-1,-1
https://shrt.lat/cllsJ,1,22,0,0,1,0,0,0,1,0,1,1,14314,0,0,-1,-1,1,1,0.0625,-1,-1,-1,-1,-1,-1
https://shrt.lat/fiVjF,1,22,0,0,1,0,0,0,1,0,1,1,14294,0,0,-1,-1,1,1,0.1111111111111111,-1,-1,-1,-1,-1,-1
https://shrt.lat/XNGqd,1,22,0,0,1,0,0,0,1,0,1,1,14276,0,0,-1,-1,1,1,0.125,-1,-1,-1,-1,-1,-1
https://shrt.lat/ZSyvM,1,22,0,0,1,0,0,0,1,0,1,1,14272,0,0,-1,-1,1,1,0.0909090909090909,-1,-1,-1,-1,-1,-1
https://shrt.lat/PZEIE,1,22,0,0,1,0,0,0,1,0,1,1,14266,0,0,-1,-1,1,1,0.1111111111111111,-1,-1,-1,-1,-1,-1
https://www.robiox.com.am/users/3530366660/profile,1,50,0,0,3,0,0,0,1,0,1,1,150,0,0,-1,-1,1,1,0.0857142857142857,-1,-1,-1,-1,-1,-1
https://www.robiox.com.am/users/3054179743/profile,1,50,0,0,3,0,0,0,1,0,1,1,147,0,0,-1,-1,1,1,0.0857142857142857,-1,-1,-1,-1,-1,-1
https://www.robiox.com.am/games/81861155741957/Fun-Combat-Undertale-event?privateServerLinkCode=65733188243440673271781762528738,1,128,0,0,3,0,0,0,1,0,1,1,144,0,0,-1,-1,1,1,0.2,-1,-1,-1,-1,-1,-1
https://shrt.lat/AgXDr,1,22,0,0,1,0,0,0,1,0,1,1,14247,0,0,-1,-1,1,1,0.1034482758620689,-1,-1,-1,-1,-1,-1
https://www.robiox.com.am/games/76106209840076/Weird-Neko-Untitled-Game?privateServerLinkCode=82904708819135984126058441793717,1,126,0,0,3,0,0,0,1,0,1,1,135,0,0,-1,-1,1,1,0.2,-1,-1,-1,-1,-1,-1
https://www.robiox.com.am/games/131764904553992/Meet-Your-Neko-Stacy-Update?privateServerLinkCode=82904708819135984126058441793717,1,130,0,0,3,0,0,0,1,0,1,1,132,0,0,-1,-1,1,1,0.2,-1,-1,-1,-1,-1,-1
https://www.robiox.com.am/communities/4842778597/Artistique,1,59,0,0,3,0,0,0,1,0,1,1,129,0,0,-1,-1,1,1,0.0625,-1,-1,-1,-1,-1,-1
https://www.robiox.com.am/games/2753915549/UPDATE-Blox-Fruits?privateServerLinkCode=74457820261842037909343154072836,1,116,0,0,3,0,0,0,1,0,1,1,127,0,0,-1,-1,1,1,0.2,-1,-1,-1,-1,-1,-1
https://www.robiox.com.am/users/890556873/profile,1,49,0,0,3,0,0,0,1,0,1,1,124,0,0,-1,-1,1,1,0.0857142857142857,-1,-1,-1,-1,-1,-1
https://www.robiox.com.am/games/14153443454/Meet-a-neko?privateServerLinkCode=88366169218765929428489401487517,1,110,0,0,3,0,0,0,1,0,1,1,117,0,0,-1,-1,1,1,0.2,-1,-1,-1,-1,-1,-1
https://shrt.lat/hefru,1,22,0,0,1,0,0,0,1,0,1,1,14214,0,0,-1,-1,1,1,0.0857142857142857,-1,-1,-1,-1,-1,-1
https://www.robiox.com.am/communities/3139192103/Thefixds,1,57,0,0,3,0,0,0,1,0,1,1,93,0,0,-1,-1,1,1,0.0625,-1,-1,-1,-1,-1,-1
https://roblox.tc/games/9872472334/Evade?privateServerLinkCode=28586991372002819427568847834613,1,95,0,0,1,0,0,0,1,0,1,1,300,0,0,-1,-1,1,1,0.2,-1,-1,-1,-1,-1,-1
https://www.robiox.com.am/communities/1717646415/grveyrds,1,57,0,0,3,0,0,0,1,0,1,1,66,0,0,-1,-1,1,1,0.0625,-1,-1,-1,-1,-1,-1
https://roblox.tc/users/2527525628/profile,1,42,0,0,1,0,0,0,1,0,1,1,262,0,0,-1,-1,1,1,0.0857142857142857,-1,-1,-1,-1,-1,-1
https://roblox.tc/users/7643981949/profile,1,42,0,0,1,0,0,0,1,0,1,1,249,0,0,-1,-1,1,1,0.0857142857142857,-1,-1,-1,-1,-1,-1
https://roblox.tc/users/9018915488/profile,1,42,0,0,1,0,0,0,1,0,1,1,242,0,0,-1,-1,1,1,0.0857142857142857,-1,-1,-1,-1,-1,-1
https://roblox.tc/communities/9442828240/Almaraket,1,50,0,0,1,0,0,0,1,0,1,1,228,0,0,-1,-1,1,1,0.0625,-1,-1,-1,-1,-1,-1
https://roblox.tc/communities/6514438931/VIP-Community,1,54,0,0,1,0,0,0,1,0,1,1,214,0,0,-1,-1,1,1,0.0625,-1,-1,-1,-1,-1,-1
https://roblox.tc/communities/4183949668/ADORStudio,1,51,0,0,1,0,0,0,1,0,1,1,191,0,0,-1,-1,1,1,0.0625,-1,-1,-1,-1,-1,-1
https://roblox.tc/games/109983668079237/Steal-a-Brainrot?privateServerLinkCode=11785002288393756828519739785973,1,111,0,0,1,0,0,0,1,0,1,1,183,0,0,-1,-1,1,1,0.2,-1,-1,-1,-1,-1,-1
https://roblox.tc/communities/2319943998/Blox-Forest,1,52,0,0,1,0,0,0,1,0,1,1,175,0,0,-1,-1,1,1,0.0625,-1,-1,-1,-1,-1,-1
https://roblox.com.tg/users/7125519574/profile,1,46,0,0,2,0,0,0,1,0,0,0,0,0,0,-1,-1,1,1,0.0857142857142857,-1,-1,-1,-1,-1,-1
https://roblox.com.tg/users/6668520211/profile,1,46,0,0,2,0,0,0,1,0,1,1,43,0,0,-1,-1,1,1,0.0857142857142857,-1,-1,-1,-1,-1,-1
https://shrt.lat/Iwntn,1,22,0,0,1,0,0,0,1,0,1,1,14022,0,0,-1,-1,0,1,0.0,-1,-1,-1,-1,-1,-1
https://r.oblox.com.kz/games/2753915549/Blox-Fruits?privateServerLinkCode=96614729681849927647801205793898,1,106,0,0,3,0,0,0,1,0,1,2,300,2,300,-1,-1,1,1,0.1290322580645161,-1,-1,-1,-1,-1,-1
https://roblox.com.ml/games/88647471069032/Neko-Line-Simulator?privateServerLinkCode=38686420776001887645184392452348,1,117,0,0,2,0,0,0,1,0,1,1,300,0,0,-1,-1,1,1,0.2,-1,-1,-1,-1,-1,-1
https://roblxcom.github.io/,1,27,0,0,2,0,0,0,1,0,1,4,3600,4,3600,-1,-1,0,1,0.0,-1,-1,-1,-1,-1,-1
https://roblox.com.ml/users/9185902031/profile,1,46,0,0,2,0,0,0,1,0,1,1,267,0,0,-1,-1,1,1,0.0857142857142857,-1,-1,-1,-1,-1,-1
https://roblox.com.tg/communities/9262028436/AlvinBilat,1,55,0,0,2,0,0,0,1,0,1,1,5,0,0,-1,-1,1,1,0.0625,-1,-1,-1,-1,-1,-1
https://inlnk.co/mCvmx,1,22,0,0,1,0,0,0,1,0,1,2,300,2,300,-1,-1,1,1,0.0909090909090909,-1,-1,-1,-1,-1,-1
https://roblox.com.tg/communities/3534302254/VOLTRAGEPLAYERS,1,60,0,0,2,0,0,0,1,0,1,1,60,0,0,-1,-1,1,1,0.0625,-1,-1,-1,-1,-1,-1
https://nlink.at/iOIQ,1,21,0,0,1,0,0,0,1,0,1,2,300,2,300,-1,-1,1,1,0.1363636363636363,-1,-1,-1,-1,-1,-1
https://roblox.com.ml/games/88270880256027/WORKING-SUSSY-SWAP-SIMULATOR-2?privateServerLinkCode=28754703996268070806420744939287,1,128,0,0,2,0,0,0,1,0,1,1,300,0,0,-1,-1,1,1,0.2,-1,-1,-1,-1,-1,-1
https://roblox.com.ml/users/1043993178/profile,1,46,0,0,2,0,0,0,1,0,1,1,290,0,0,-1,-1,1,1,0.0857142857142857,-1,-1,-1,-1,-1,-1
http://www.tinyurl.com/rblx-vip-server/,1,39,0,0,2,0,0,0,0,0,1,2,300,2,300,-1,-1,1,1,0.1666666666666666,-1,-1,-1,-1,-1,-1
https://robiox.com.am/games/109983668079237/Steal-a-Brainrot?privateServerLinkCode=75199930729162956437430278832451,1,115,0,0,2,0,0,0,1,0,1,1,300,0,0,-1,-1,1,1,0.2,-1,-1,-1,-1,-1,-1
http://www.robiox.com.tg/users/448254094966/profile,1,51,0,0,3,0,0,0,0,0,1,1,738,0,0,-1,-1,1,1,0.1,-1,-1,-1,-1,-1,-1
http://www.robiox.com.tg/users/493641197662/profile,1,51,0,0,3,0,0,0,0,0,1,1,729,0,0,-1,-1,1,1,0.0967741935483871,-1,-1,-1,-1,-1,-1
http://www.robiox.com.tg/users/372202295587/profile/,1,52,0,0,3,0,0,0,0,0,1,1,722,0,0,-1,-1,1,1,0.1111111111111111,-1,-1,-1,-1,-1,-1
https://www.robiox.com.ua/users/5276087801/profile,1,50,0,0,3,0,0,0,1,0,1,1,300,0,0,-1,-1,1,1,0.0857142857142857,-1,-1,-1,-1,-1,-1
